source,title,company,link,score,summary,apply_status
Internshala,Machine Learning,Unknown,https://internshala.com/internship/detail/work-from-home-part-time-machine-learning-internship-at-careernest1761484303,9,Highly relevant due to explicit mention of Machine Learning,"Message: 
Stacktrace:
	GetHandleVerifier [0x0x5efe43+66515]
	GetHandleVerifier [0x0x5efe84+66580]
	(No symbol) [0x0x3ddc48]
	(No symbol) [0x0x428704]
	(No symbol) [0x0x428aab]
	(No symbol) [0x0x46f482]
	(No symbol) [0x0x44b214]
	(No symbol) [0x0x46cba7]
	(No symbol) [0x0x44afc6]
	(No symbol) [0x0x41c2ca]
	(No symbol) [0x0x41d154]
	GetHandleVerifier [0x0x847353+2521315]
	GetHandleVerifier [0x0x8422d3+2500707]
	GetHandleVerifier [0x0x617c94+229924]
	GetHandleVerifier [0x0x6081f8+165768]
	GetHandleVerifier [0x0x60ecad+193085]
	GetHandleVerifier [0x0x5f8158+100072]
	GetHandleVerifier [0x0x5f82f0+100480]
	GetHandleVerifier [0x0x5e25aa+11066]
	BaseThreadInitThunk [0x0x76b05d49+25]
	RtlInitializeExceptionChain [0x0x7794d6db+107]
	RtlGetAppContainerNamedObjectPath [0x0x7794d661+561]
"
LinkedIn,Artificial Intelligence Intern,LinkedIn,https://www.linkedin.com/jobs/view/artificial-intelligence-intern-at-lensa-4311361390?position=2&pageNum=0&refId=saJKC%2FmCxvxlaP0RZMxJzQ%3D%3D&trackingId=GL9Ln8w7dT0X5Ny%2FQfoNQw%3D%3D,10,"Highly relevant, directly mentions Artificial Intelligence",CAPTCHA login required
LinkedIn,AI Intern,LinkedIn,https://www.linkedin.com/jobs/view/ai-intern-at-onestream-software-4318911723?position=8&pageNum=0&refId=saJKC%2FmCxvxlaP0RZMxJzQ%3D%3D&trackingId=z8cMxy25hVhsUrugMb8RLA%3D%3D,10,Direct AI internship at a prominent tech company,CAPTCHA login required
